{
  "db_name": "PostgreSQL",
  "query": "SELECT zk_proof_id, chain_id, contract_address, user_address, input\n             FROM verify_proofs",
  "describe": {
    "columns": [
      {
        "ordinal": 0,
        "name": "zk_proof_id",
        "type_info": "Int8"
      },
      {
        "ordinal": 1,
        "name": "chain_id",
        "type_info": "Int4"
      },
      {
        "ordinal": 2,
        "name": "contract_address",
        "type_info": "Text"
      },
      {
        "ordinal": 3,
        "name": "user_address",
        "type_info": "Text"
      },
      {
        "ordinal": 4,
        "name": "input",
        "type_info": "Bytea"
      }
    ],
    "parameters": {
      "Left": []
    },
    "nullable": [
      false,
      false,
      false,
      false,
      true
    ]
  },
  "hash": "0d390882dbdd916d77eacede9469de25e573be481429f04c81beef17f3cf6802"
}
