{
  "db_name": "PostgreSQL",
  "query": "SELECT tenant_id, handle, ciphertext, ciphertext128\n        FROM ciphertext_digest \n        WHERE ciphertext IS NULL OR ciphertext128 IS NULL\n        FOR UPDATE SKIP LOCKED\n        LIMIT $1;",
  "describe": {
    "columns": [
      {
        "ordinal": 0,
        "name": "tenant_id",
        "type_info": "Int4"
      },
      {
        "ordinal": 1,
        "name": "handle",
        "type_info": "Bytea"
      },
      {
        "ordinal": 2,
        "name": "ciphertext",
        "type_info": "Bytea"
      },
      {
        "ordinal": 3,
        "name": "ciphertext128",
        "type_info": "Bytea"
      }
    ],
    "parameters": {
      "Left": [
        "Int8"
      ]
    },
    "nullable": [
      false,
      false,
      true,
      true
    ]
  },
  "hash": "678bc00e540559d8c3912dbcb2c45d1d2022be7bf005f5c2a44a0c92b97de011"
}
