{
  "db_name": "PostgreSQL",
  "query": "UPDATE ciphertexts c\n        SET ciphertext128 = NULL\n        WHERE ciphertext128 is NOT NULL -- needed for getting an accurate rows_affected\n        AND EXISTS (\n            SELECT 1\n            FROM ciphertext_digest d\n            WHERE d.tenant_id = c.tenant_id\n            AND d.handle = c.handle\n            AND d.ciphertext128 IS NOT NULL\n        );",
  "describe": {
    "columns": [],
    "parameters": {
      "Left": []
    },
    "nullable": []
  },
  "hash": "455eb6d9fe4e6ffd2fe7f45c2fd668b1e9884a2eff149dd2638089417bad1e95"
}
