{
  "db_name": "PostgreSQL",
  "query": "\n            INSERT INTO computations (\n                tenant_id,\n                output_handle,\n                dependencies,\n                fhe_operation,\n                is_scalar\n            )\n            VALUES ($1, $2, $3, $4, $5)\n            ON CONFLICT (tenant_id, output_handle) DO NOTHING\n            ",
  "describe": {
    "columns": [],
    "parameters": {
      "Left": [
        "Int4",
        "Bytea",
        "ByteaArray",
        "Int2",
        "Bool"
      ]
    },
    "nullable": []
  },
  "hash": "b88e9d81c24c47b7df985acf83fdab453de438a41d388eadfe2628d2ba4e1aed"
}
