{
  "db_name": "PostgreSQL",
  "query": "\n                        INSERT INTO ciphertexts(tenant_id, handle, ciphertext, ciphertext_version, ciphertext_type)\n                        VALUES($1, $2, $3, $4, $5)\n                        ON CONFLICT (tenant_id, handle, ciphertext_version) DO NOTHING\n                    ",
  "describe": {
    "columns": [],
    "parameters": {
      "Left": [
        "Int4",
        "Bytea",
        "Bytea",
        "Int2",
        "Int2"
      ]
    },
    "nullable": []
  },
  "hash": "3f1bf7240bdba491a2457ea9092197061136444e3a6f86ce6679b3e42048f337"
}
