{
  "db_name": "PostgreSQL",
  "query": "\n              INSERT INTO input_blobs(tenant_id, blob_hash, blob_data, blob_ciphertext_count)\n              VALUES($1, $2, $3, $4)\n              ON CONFLICT (tenant_id, blob_hash) DO NOTHING\n            ",
  "describe": {
    "columns": [],
    "parameters": {
      "Left": [
        "Int4",
        "Bytea",
        "Bytea",
        "Int4"
      ]
    },
    "nullable": []
  },
  "hash": "0e7100ff297ee683be2c7785de36ed7a4da52492956bde5e6bc7c7505fb7d22d"
}
