{
  "db_name": "PostgreSQL",
  "query": "\n                    INSERT INTO ciphertexts(\n                        tenant_id,\n                        handle,\n                        ciphertext,\n                        ciphertext_version,\n                        ciphertext_type,\n                        input_blob_hash,\n                        input_blob_index\n                    )\n                    VALUES($1, $2, $3, $4, $5, $6, $7)\n                    ON CONFLICT (tenant_id, handle, ciphertext_version) DO NOTHING\n                ",
  "describe": {
    "columns": [],
    "parameters": {
      "Left": [
        "Int4",
        "Bytea",
        "Bytea",
        "Int2",
        "Int2",
        "Bytea",
        "Int4"
      ]
    },
    "nullable": []
  },
  "hash": "8bcf6b5c5f1613de18e4757e9e7ea13ddc3d6994256df2385ca0013178fe5680"
}
