{
  "db_name": "PostgreSQL",
  "query": "\n            SELECT tenant_id, output_handle, dependencies, fhe_operation, is_scalar\n            FROM computations\n            WHERE is_completed = false\n            AND is_error = false\n            ORDER BY created_at\n            LIMIT $1\n            FOR UPDATE SKIP LOCKED\n        ",
  "describe": {
    "columns": [
      {
        "ordinal": 0,
        "name": "tenant_id",
        "type_info": "Int4"
      },
      {
        "ordinal": 1,
        "name": "output_handle",
        "type_info": "Bytea"
      },
      {
        "ordinal": 2,
        "name": "dependencies",
        "type_info": "ByteaArray"
      },
      {
        "ordinal": 3,
        "name": "fhe_operation",
        "type_info": "Int2"
      },
      {
        "ordinal": 4,
        "name": "is_scalar",
        "type_info": "Bool"
      }
    ],
    "parameters": {
      "Left": [
        "Int8"
      ]
    },
    "nullable": [
      false,
      false,
      false,
      false,
      false
    ]
  },
  "hash": "514d2ee9ff416b42cc48b33df6a2ef5bb25f3ed9abdd2a03957d42252812278a"
}
