{
  "db_name": "PostgreSQL",
  "query": "\n                    INSERT INTO ciphertexts(tenant_id, handle, ciphertext, ciphertext_version, ciphertext_type)\n                    VALUES ($1, $2, $3, $4, $5)\n                    ON CONFLICT (tenant_id, handle, ciphertext_version) DO NOTHING\n                ",
  "describe": {
    "columns": [],
    "parameters": {
      "Left": [
        "Int4",
        "Bytea",
        "Bytea",
        "Int2",
        "Int2"
      ]
    },
    "nullable": []
  },
  "hash": "db0e921f5b61687985de3df888422087f047078cdb7adb1320c5ec276dc99c77"
}
