{
  "db_name": "PostgreSQL",
  "query": "\n                            UPDATE computations\n                            SET is_error = true, error_message = $1\n                            WHERE tenant_id = $2\n                            AND output_handle = $3\n                        ",
  "describe": {
    "columns": [],
    "parameters": {
      "Left": [
        "Text",
        "Int4",
        "Bytea"
      ]
    },
    "nullable": []
  },
  "hash": "d8e7f9a1bdba326cd342f8a01985bb467e4c6322c6317269f64351775549cc3b"
}
