{
  "db_name": "PostgreSQL",
  "query": "UPDATE allowed_handles\n            SET\n            txn_unlimited_retries_count = txn_unlimited_retries_count + 1,\n            txn_last_error = $1,\n            txn_last_error_at = NOW()\n            WHERE handle = $2\n            AND account_address = $3\n            AND tenant_id = $4",
  "describe": {
    "columns": [],
    "parameters": {
      "Left": [
        "Text",
        "Bytea",
        "Text",
        "Int4"
      ]
    },
    "nullable": []
  },
  "hash": "cae912964c52ddb405f9cd1b5d9521f3d25c718a963c0f1b1bf3f406149595b0"
}
