{
  "db_name": "PostgreSQL",
  "query": "SELECT zk_proof_id, chain_id, contract_address, user_address, handles, verified, retry_count\n             FROM verify_proofs\n             WHERE verified IS NOT NULL AND retry_count < $1\n             ORDER BY zk_proof_id\n             LIMIT $2",
  "describe": {
    "columns": [
      {
        "ordinal": 0,
        "name": "zk_proof_id",
        "type_info": "Int8"
      },
      {
        "ordinal": 1,
        "name": "chain_id",
        "type_info": "Int4"
      },
      {
        "ordinal": 2,
        "name": "contract_address",
        "type_info": "Text"
      },
      {
        "ordinal": 3,
        "name": "user_address",
        "type_info": "Text"
      },
      {
        "ordinal": 4,
        "name": "handles",
        "type_info": "Bytea"
      },
      {
        "ordinal": 5,
        "name": "verified",
        "type_info": "Bool"
      },
      {
        "ordinal": 6,
        "name": "retry_count",
        "type_info": "Int4"
      }
    ],
    "parameters": {
      "Left": [
        "Int4",
        "Int8"
      ]
    },
    "nullable": [
      false,
      false,
      false,
      false,
      true,
      true,
      false
    ]
  },
  "hash": "8c67f22e32ef89e1812695f3f8e259e135bd825f180eacd72ee341ea94c777f3"
}
