{
  "extends": "solhint:recommended",
  "plugins": ["prettier"],
  "rules": {
    "code-complexity": ["error", 8],
    "compiler-version": ["error", ">=0.8.24"],
    "func-visibility": [
      "error",
      {
        "ignoreConstructors": true
      }
    ],
    "max-line-length": ["error", 125],
    "max-states-count": "off",
    "named-parameters-mapping": "warn",
    "no-console": "off",
    "no-global-import": "off",
    "not-rely-on-time": "off",
    "prettier/prettier": [
      "error",
      {
        "endOfLine": "auto"
      }
    ]
  }
}
